[{
    "_id": 1,
    "name": "HP Spectre x360",
    "price": 1249.99,
    "category": "Laptop",
    "shortDescription" : "2-in-1 laptop with Intel Core i5-1235U (10-core), 512 GB SSD",
    "longDescription" : "This 2-in-1 laptop has it all with an i5 Intel Core processor with up to 4.4 GHz and 10 cores, 512GB SSD storage, and Windows 11.",
    "imageName" : "http://127.0.0.1:4000/images/hp_spectre_x360_13.5.jpeg",
    "screenSize" : 13.5,
    "alt" : "HP Spectre x360",
    "quantity" : 56
},
{
    "_id": 2,
    "name": "HP Envy x360",
    "price": 899.99,
    "category": "Laptop",
    "shortDescription" : "Laptop with Intel Core i5-1235U (10-core), 512 GB SSD",
    "longDescription" : "This laptop has most of it with an i5 Intel Core processor with up to 4.4 GHz and 10 cores, 512GB SSD storage, and Windows 11.",
    "imageName" : "http://127.0.0.1:4000/images/hp_envy_x360_13.3.jpeg",
    "screenSize" : 13.3,
    "alt" : "HP Envy x360",
    "quantity" : 124
},
{
    "_id": 3,
    "name": "HP Envy",
    "price": 1409.99,
    "category": "Laptop",
    "shortDescription" : "Laptop with Intel Core i5-12500H (12-core), 512 GB SSD, and 16GB of DDR5 RAM",
    "longDescription" : "This laptop has it all with an i5 Intel Core processor with up to 4.5 GHz and 12 cores, 512GB SSD storage, and Windows 11.",
    "imageName" : "http://127.0.0.1:4000/images/hp_envy_16.jpeg",
    "screenSize" : 16,
    "alt" : "HP Envy",
    "quantity" : 83
},
{
    "_id": 4,
    "name": "HP Pavilion",
    "price": 449.99,
    "category": "Laptop",
    "shortDescription" : "Laptop with Intel Core i3-1215U (6-core), 256 GB SSD",
    "longDescription" : "This laptop has some of it with an i3 Intel Core processor with up to 4.4 GHz and 6 cores, 256GB SSD storage, and Windows 11.",
    "imageName" : "http://127.0.0.1:4000/images/hp_pavilion_14.jpeg",
    "screenSize" : 14,
    "alt" : "HP Pavilion",
    "quantity" : 77
},
{
    "_id": 5,
    "name": "HP 14\" laptop",
    "price": "549.99",
    "category": "Laptop",
    "shortDescription" : "Laptop with Intel Core i5-1235U (10-core), 256 GB SSD",
    "longDescription" : "This laptop has some of it with an i5 Intel Core processor with up to 4.4 GHz and 10 cores, 256GB SSD storage, and Windows 11.",
    "imageName" : "http://127.0.0.1:4000/images/hp_14_laptop.jpeg",
    "screenSize" : "14",
    "alt" : "HP 14\" laptop",
    "quantity" : 54
},
{
    "_id": 6,
    "name": "HP Omen",
    "price": 34.50,
    "category": "Laptop",
    "shortDescription" : "Laptop with Intel Core i3-12500H (12-core), 512 GB SSD",
    "longDescription" : "This laptop has some of it with an i3 Intel Core processor with up to 4.5 GHz and 12 cores, 512GB SSD storage, and Windows 11.",
    "imageName" : "http://127.0.0.1:4000/images/hp_omen_16.jpeg",
    "screenSize" : 16,
    "alt" : "HP Omen",
    "quantity" : 18
},
{
    "_id": 7,
    "name": "HP Chromebase All-in-One",
    "price": 1569.99,
    "category": "All-in-One",
    "shortDescription" : "All-in-One desktop with Intel Core i5-12500H (12-core), 1TB SSD",
    "longDescription" : "This All-in-One desktop has some of it with an i5 Intel Core processor with up to 4.5 GHz and 12 cores, 1TB SSD storage, and Windows 11.",
    "imageName" : "http://127.0.0.1:4000/images/hp_chromebase_22.jpeg",
    "screenSize" : 22,
    "alt" : "HP Chromebase All-in-One",
    "quantity" : 27
},
{
    "_id": 8,
    "name": "HP Envy Desktop",
    "price": 699.99,
    "category": "Desktop",
    "shortDescription" : "Desktop with Intel Core i5, 1 TB HDD, NVIDIA 15",
    "longDescription" : "This desktop has most of it with an i5 Intel Core processor with an NVIDIA GeForce 1660 Super, 1TB HDD storage, and Windows 11.",
    "imageName" : "http://127.0.0.1:4000/images/hp_envy_desktop.jpeg",
    "screenSize" : -1,
    "alt" : "HP Envy Desktop",
    "quantity" : 12
},
{
    "_id": 9,
    "name": "HP Pavilion Desktop",
    "price": 829.99,
    "category": "Desktop",
    "shortDescription" : "Desktop with Intel Core i7, 2TB HDD, 512GB SSD",
    "longDescription" : "This laptop has it all with an i7 Intel Core processor, 2TB HDD and 512GB SSD storage, and Windows 11.",
    "imageName" : "http://127.0.0.1:4000/images/hp_pavilion_desktop.jpeg",
    "screenSize" : -1,
    "alt" : "HP Pavilion Desktop",
    "quantity" : 909
},
{
    "_id": 10,
    "name": "HP Omen 25L 2020",
    "price": 1379.99,
    "category": "Desktop",
    "shortDescription" : "Desktop with Intel Core i5-12400 (6-core), 256 GB SSD",
    "longDescription" : "This desktop has some of it with an i5 Intel Core processor with up to 4.4 GHz and 6 cores, 256GB SSD storage, and Windows 11.",
    "imageName" : "http://127.0.0.1:4000/images/hp_omen_desktop.jpeg",
    "screenSize" : -1,
    "alt" : "HP Omen 25L 2020",
    "quantity" : 41
},
{
    "_id": 11,
    "name": "HP Victus 15",
    "price": 829.99,
    "category": "Desktop",
    "shortDescription" : "Desktop with Intel Core i5-12400 (12-core), 256 GB SSD",
    "longDescription" : "This desktop has some of it with an i5 Intel Core processor with up to 4.4 GHz and 12 cores, 256GB SSD storage, and Windows 11.",
    "imageName" : "http://127.0.0.1:4000/images/hp_victus_desktop.jpeg",
    "screenSize" : -1,
    "alt" : "HP Victus 15",
    "quantity" : 5
},
{
    "_id": 12,
    "name": "HP 24 All-in-One",
    "price": 799.99,
    "category": "All-in-One",
    "shortDescription" : "All-in-One with Intel Core i3-13100T (4-core), 256 GB SSD",
    "longDescription" : "This All-in-One desktop has it all with an i3 Intel Core processor with up to 4.2 GHz and 4 cores, 256GB SSD storage, and Windows 11.",
    "imageName" : "http://127.0.0.1:4000/images/hp_24_AiO.jpeg",
    "screenSize" : "24",
    "alt" : "HP 24 All-in-One",
    "quantity" : 74
}]
